Time,DominantGroup,DetectedGroups,Recruitment,RecruitmentWidth,WaveformWidth,WaveformAmplitude,CensoredWidth,PreLocalGrowth,PreExpansion
5.075,1,1,0.0742857142857143,0.107916666666667,0.17,0.245902874216055,0,-0.475762848470294,0
6.11,2,1,0.0714285714285714,0.109375,0.185,0.235826189440891,0,-0.489288415559919,0.0363550349660836
10.64,1,1,0.105714285714286,0.102,0.16,0.26557089607697,0,-0.00373934865629047,0.33076920593331
13.485,2,1,0.0628571428571429,0.0768750000000011,0.195,0.217176857290511,0,-0.55911570695398,0
17.57,2,1,0.1,0.0691666666666677,0.239999999999998,0.203321604926272,0,-0.297460935912746,0.0404853183125484
24.81,4,1,0.111428571428571,0.117500000000003,0.199999999999999,0.209835068257713,0,-0.565418363079355,0
35.335,1,2,0.2,0.133645833333336,0.160000000000004,0.300262416824449,0,0.217707504794202,0.633535977078471
39.28,1,1,0.102857142857143,0.0649999999999977,0.174999999999997,0.240732935417327,0,0.109446352371083,0.890476374152956
39.805,2,1,0.08,0.111666666666665,0.209999999999994,0.213144196947147,0,-0.60657878221094,0
45.5,2,1,0.0857142857142857,0.107500000000009,0.199999999999996,0.242923666762321,0,-0.453912318450539,0
48.595,2,1,0.0771428571428571,0.123333333333335,0.195,0.231311705357262,0,-0.421300720904781,0
