Run,K,Events,RatePerMin,Recruitment,RecruitmentWidth,WaveformWidth,WaveformAmplitude,MeanRate,Saturation,Lambda1,WithinCorr,BetweenCorr,EventExpansion,QuietExpansion,SingleGroupFraction
1,8,2,2.40000009536743,0.409999996423721,0.190729171037674,0.292499989271164,0.370549499988556,0.248117238283157,0.00772208487614989,-0.250951170921326,0.158940061926842,0.156305059790611,4.77022218704224,3.49557161331177,0
2,8,3,3.59999990463257,0.28571429848671,0.200000002980232,0.365000009536743,0.479113340377808,0.255163311958313,0.0265439171344042,0.212442472577095,0.185173228383064,0.181623846292496,6.52958393096924,6.98433685302734,0
3,8,18,21.6000003814697,0.415714293718338,0.219999998807907,0.280000001192093,0.446683973073959,0.120147921144962,0.0174428280442953,0.690606474876404,0.143343523144722,0.137877225875854,17.4910106658936,8.59797191619873,0.111111111938953
4,8,0,0,NaN,NaN,NaN,NaN,0.0745922848582268,0,-0.397174954414368,0.0277378559112549,0.0278192348778248,NaN,0.0158341731876135,NaN
5,8,5,6,0.280000001192093,0.163124993443489,0.28999999165535,0.311969101428986,0.11860515922308,0.00745696853846312,0.934972524642944,0.0348225794732571,0.0347934439778328,10.855339050293,11.3506517410278,0.400000005960464
6,25,0,0,NaN,NaN,NaN,NaN,0.731464326381683,0.329337924718857,-0.371029615402222,0.273235321044922,0.272302716970444,NaN,0.105168722569942,NaN
7,25,1,1.20000004768372,0.0857142880558968,0.126041665673256,0.479999989271164,0.133535847067833,0.119465157389641,0,-0.433291465044022,0.162121623754501,0.00480366311967373,0,0,1
8,25,12,14.3999996185303,0.127142861485481,0.166458338499069,0.409999996423721,0.241822451353073,0.198254600167274,0.000178267888259143,-0.425560683012009,0.472860336303711,0.00907078757882118,0.523018896579742,1.0087263584137,0.916666686534882
9,25,16,19.2000007629395,0.0842857137322426,0.129374995827675,0.405000001192093,0.885609567165375,0.367715835571289,0.0612687319517136,-0.04042749106884,0.864256978034973,0.0727041587233543,10.1668376922607,10.7344264984131,1
10,25,8,9.60000038146973,0.0885714292526245,0.114166669547558,0.215000003576279,0.18223249912262,0.103177569806576,4.54240289400332e-05,-0.388798177242279,0.162836357951164,0.0059245484881103,0.101289011538029,0.0146341118961573,1
11,25,14,16.7999992370605,0.100000001490116,0.121718749403954,0.217500001192093,0.260096400976181,0.130456179380417,0.000388818269129843,-0.392877250909805,0.261487245559692,0.00761479884386063,0.4715735912323,0.13862332701683,0.928571403026581
12,25,5,6,0.0599999986588955,0.142499998211861,0.189999997615814,0.147741794586182,0.0867608785629272,1.71411429619184e-05,-0.405016243457794,0.110490880906582,0.00228711706586182,0.0178765077143908,0.00599389104172587,1
13,25,11,13.1999998092651,0.0857142880558968,0.107916668057442,0.194999992847443,0.235826194286346,0.128642603754997,0.000105703715234995,-0.388300567865372,0.240928515791893,0.00509145483374596,0.303848505020142,0.0858917012810707,0.909090936183929
14,25,5,6,0.105714283883572,0.10249999910593,0.189999997615814,0.359841048717499,0.140771821141243,0.000764780677855015,-0.399760603904724,0.190070986747742,0.0069030299782753,0.325713306665421,0.181536287069321,1
15,25,7,8.39999961853027,0.105714283883572,0.129999995231628,0.224999994039536,0.211580961942673,0.128796204924583,0.000130844055092894,-0.404768735170364,0.20828028023243,0.00308265583589673,0.00425530923530459,0.00356252398341894,1
16,25,3,3.59999990463257,0.0342857129871845,0.100000001490116,0.264999985694885,0.108311206102371,0.0766874924302101,0,-0.399985432624817,0.128160774707794,0.00142437417525798,0,0,1
17,25,21,25.2000007629395,0.068571425974369,0.104999996721745,0.319999992847443,0.19126583635807,0.105991743505001,0.000101418430858757,-0.381984561681747,0.242387160658836,0.0039250273257494,0,0,0.857142865657806
18,25,23,27.6000003814697,0.608571410179138,0.513333320617676,0.314999997615814,3.39112710952759,0.0732340589165688,0.019270358607173,-0.399621516466141,0.118403919041157,0.211994737386703,9.67806816101074,1.09445118904114,0.52173912525177
19,25,0,0,NaN,NaN,NaN,NaN,0.03411565721035,0,-0.399226605892181,-4.73651743959635e-05,0.000287818955257535,NaN,0,NaN
